customer_id,fico_score,tradelines_open,tradelines_delinquent,inquiries_last_12m,revolving_utilization_percent,credit_age_years,bankruptcy_flag,public_records_count
10001,830,10,2,3,28,9.4,0,0
10005,727,10,0,2,21.5,15.7,0,0
10007,798,6,0,5,54.9,7.1,0,0
10021,746,2,2,2,31.5,6.8,0,0
10024,766,9,1,1,19.2,10.5,0,0
10029,618,8,0,3,42.5,8.9,0,0
10036,672,6,2,1,45.6,5.9,0,0
10041,715,4,1,3,17.4,1.7,0,0
10054,652,6,0,4,30.5,6.7,0,0
10060,658,7,0,2,16.3,9.5,0,0
10065,647,11,0,3,23,9.9,0,0
10069,698,7,1,3,16.7,7.9,0,0
10075,739,sd,0,5,21.9,13.8,0,0
10100,649,5,0,3,37.2,7.9,0,0
10101,811,6,0,4,25.8,5.7,0,0
10107,644,9,0,1,38,5.7,0,0
10110,673,8,0,2,29.9,13,0,0
10114,801,7,0,4,32,0.5,0,0
10121,767,7,0,2,13.3,13.9,0,0
10132,680,11,0,0,41.1,8.2,0,0
10140,547,4,0,3,38.1,8.7,0,1
10142,751,6,0,0,24.8,2.8,1,1
10147,742,10,1,5,21,14,0,0
10150,725,2,0,4,40.1,13.5,0,1
10151,802,7,0,3,33.1,10.9,0,0
10152,730,12,0,2,20.9,13.2,0,0
10171,662,8,0,3,9.7,9.4,0,0
10177,798,2,1,0,43,11.7,0,0
10195,683,7,2,2,49.3,8.3,0,0
10198,830,8,0,5,14.8,7.3,0,0
10199,674,9,0,1,23,5.8,0,0
10209,761,7,0,2,8.6,11.8,0,0
10211,593,6,0,3,18.7,5.3,0,0
10212,749,5,1,1,20.5,11.5,0,0
10215,602,5,0,1,37.1,3.8,0,0
10217,830,4,2,0,67.2,13.8,0,0
10218,622,3,1,1,24.3,8.7,0,0
10226,654,11,0,3,72.3,9.8,0,0
10227,730,7,1,1,22.4,18,0,0
10232,663,7,0,2,16.1,9.1,0,0
10234,700,2,0,1,13.3,10.3,0,0
10236,725,4,1,5,40.4,6.8,0,0
10244,680,6,0,4,66,9.3,0,0
10248,802,5,0,1,42.2,10.6,0,0
10253,731,4,1,3,30.5,17.6,0,0
10255,730,7,0,2,36.1,7.2,0,0
10259,714,7,0,2,39.2,12.4,0,0
10274,717,4,0,3,18.9,15.8,0,0
10279,673,5,1,1,18.7,3.2,0,0
10280,783,12,0,2,18.6,4.4,0,0
10286,693,9,0,2,35.3,5.9,0,0
10288,625,0,3,2,18.1,5.6,0,0
10292,707,10,1,2,51.7,1.9,0,0
10299,663,4,0,1,17.7,6.7,0,0
10310,710,6,0,2,72.5,15.7,0,0
10311,696,7,0,0,23.6,5.5,0,0
10325,661,12,0,3,18.9,9,0,0
10329,771,10,0,2,19.7,3.9,0,0
10331,619,3,1,2,22.7,6.4,0,0
10332,709,9,0,1,20.7,13.3,0,0
10338,667,7,0,2,4.6,7.4,0,0
10339,773,11,0,3,51.5,8.8,0,0
10349,733,11,1,4,11.1,7.1,0,0
10351,794,10,0,2,59.9,9.9,0,0
10362,793,6,2,1,19,11.6,0,0
10367,692,7,0,1,37.6,8.8,0,0
10373,811,4,2,0,31.6,3.5,0,0
10382,792,10,0,1,23.7,13.2,0,0
10390,658,9,1,2,26.4,11.9,0,0
10395,770,6,1,4,12.7,8.2,0,0
10396,759,11,1,2,66.7,3.6,0,0
10398,789,7,1,3,10.9,11.9,0,0
10409,763,6,2,2,31.2,11.8,0,1
10414,660,5,1,2,31.8,8.9,0,0
10415,587,11,1,0,11.6,6.9,0,0
10419,660,9,4,5,30,5.5,0,0
10421,636,10,3,2,7.1,6.6,0,0
10424,625,8,1,3,24.6,13.5,0,0
10425,713,6,1,0,34.4,8.6,0,0
10427,624,7,0,4,28.4,10.4,0,0
10432,712,6,0,5,14,8.2,0,0
10436,736,6,0,2,41.3,13.1,0,0
10443,563,10,0,1,45.1,0.5,0,0
10447,734,2,0,4,76.8,3.3,0,0
10451,729,4,1,3,43.7,11.6,0,0
10456,725,12,1,2,35.2,10.5,0,0
10472,587,6,0,4,76.5,13.1,0,0
10476,699,3,1,1,7,10.4,0,0
10478,757,5,1,1,49.5,8,0,1
10486,767,10,0,4,21,9.4,0,0
10493,751,7,0,2,36.5,8,0,1
10508,628,10,2,2,60.7,10.8,0,0
10513,726,3,0,2,39.1,11.3,0,0
10524,727,6,2,3,32.1,3.5,0,0
10525,593,5,0,1,56.4,7,0,0
10526,692,10,2,3,56.8,4.9,0,0
10528,648,3,0,1,13.8,2.6,0,0
10531,712,9,0,3,41,9,0,0
10534,742,3,0,3,37.5,2.3,0,0
10538,673,6,2,2,52.8,13.9,0,0
10544,675,4,1,1,26.6,10.2,0,0
10551,713,5,0,3,37.3,3.7,0,0
10552,655,10,0,2,49.4,4.5,0,0
10564,692,6,1,2,35.5,10,0,0
10567,824,4,0,1,1.7,12.4,0,0
10571,779,7,1,4,22,6.1,0,0
10572,675,9,0,3,42.4,7,0,0
10575,663,9,0,2,31,7.3,0,0
10579,830,8,1,4,74.2,9.2,0,0
10581,715,5,0,4,36.2,22.4,0,0
10584,649,4,0,4,42.6,9.2,0,0
10593,779,2,1,1,57.7,1.6,0,0
10596,755,4,3,2,29.7,2,0,0
10598,676,8,1,4,8.5,9.5,0,0
10603,681,6,0,2,7.4,9.8,0,0
10605,753,7,1,2,34.1,2.8,0,0
10610,650,8,0,3,15.4,10.4,0,0
10614,656,6,1,3,33.4,10.9,0,0
10615,750,7,1,3,34.5,3.5,0,0
10626,716,8,1,0,31.5,7.3,0,0
10628,781,15,0,3,8.8,9.6,0,0
10638,699,12,0,0,9.1,14.3,0,0
10659,809,3,0,1,3.1,12.1,0,1
10662,755,8,1,2,15,7,0,0
10670,808,5,0,0,23.7,8.3,0,0
10674,635,6,1,4,33.5,7.4,0,0
10678,797,11,3,3,49.7,5.5,0,0
10690,772,9,1,2,48.1,10.6,0,0
10691,632,8,0,2,31,2.1,0,0
10708,781,11,0,2,59,6.9,1,1
10709,742,6,3,2,24.6,13.3,0,1
10714,747,7,1,1,22.6,12.2,0,0
10718,830,4,0,1,45.7,5.9,0,0
10721,672,6,0,2,19.7,14.1,0,1
10722,750,9,0,1,51.3,8.4,0,0
10724,657,5,0,1,3.7,11,0,0
10741,764,7,0,1,34.2,11.6,0,0
10744,726,3,1,3,62.7,8.1,0,0
10749,743,7,0,2,32.3,11.1,0,0
10751,701,4,2,4,55.1,11.3,0,0
10769,704,7,1,1,19.2,11.5,0,1
10776,772,8,0,2,35.5,8.8,0,0
10788,631,10,0,3,8,11.8,0,1
10793,649,8,1,3,23.7,2,0,0
10798,708,6,0,2,47.3,8.5,0,0
10805,689,6,1,4,70.3,1.8,0,0
10807,669,11,1,0,73.6,10.4,0,0
10808,611,8,0,3,25.7,5.3,1,1
10810,695,5,0,0,22.7,16.8,0,0
10811,696,3,1,1,42.3,11.9,0,0
10817,679,5,1,0,11.4,13,0,1
10818,830,5,0,1,25.7,10.2,0,0
10824,633,12,2,3,57.8,4.4,0,0
10829,712,8,0,2,38.1,11.1,0,0
10831,691,9,0,2,23.3,4.5,0,0
10833,729,8,1,4,29.3,9.7,1,1
10853,768,5,0,4,63.1,4.3,0,0
10854,684,9,1,6,59.6,9.9,0,0
10856,823,2,0,3,18.4,9.5,0,0
10858,690,10,2,0,42.3,2.7,0,0
10859,713,6,0,1,46.2,5.7,0,0
10862,790,8,1,1,10.1,12.4,0,0
10866,569,8,1,3,36.1,11.1,0,0
10867,830,10,1,2,41.3,11.5,0,0
10869,621,3,0,3,66.8,13.5,0,0
10874,823,10,1,3,6.4,7.1,0,0
10897,644,6,0,3,63.9,3.1,0,1
10899,712,14,2,0,30.6,12.6,0,0
10905,543,7,1,2,8.8,12.1,0,0
10910,719,10,0,0,39.2,15.5,0,1
10914,736,7,0,2,9.5,5.7,0,0
10921,771,14,0,6,28.8,6.2,0,0
10934,723,7,1,2,53.2,9.9,0,0
10935,711,4,0,2,22.2,15.6,0,0
10936,714,11,1,1,28.5,14.2,0,1
10937,754,4,1,3,37,7.4,0,0
10941,708,4,0,1,55.4,10.4,0,0
10947,804,9,1,3,29.2,9.6,0,0
10952,657,6,0,0,8.3,7.2,0,0
10958,603,12,0,2,49.7,7.8,0,0
10961,731,5,0,4,54,5.9,0,0
10964,717,5,1,2,48.4,15,0,0
10972,686,7,1,5,65.3,0.5,0,0
10981,657,5,1,1,32.3,7.7,0,1
10988,778,5,0,1,53.5,10.3,0,0
10996,670,2,0,1,57.7,12.3,0,0
10998,725,4,0,4,14,11.8,0,0
10999,749,3,1,2,63.3,16.9,0,0
11001,649,7,0,3,25.5,15.8,0,0
11004,741,6,1,2,41.2,5.5,0,1
11007,694,5,2,2,60,5.9,0,0
11008,791,10,1,1,61.4,8.2,0,0
11010,706,7,2,1,36.3,6.3,0,0
11022,648,7,1,3,16.7,9.2,0,0
11023,778,8,0,0,10.8,3.2,0,0
11026,720,10,0,3,68.8,5,0,0
11031,794,6,1,0,52.9,11,0,1
11038,712,8,0,1,20.3,10.2,0,0
11041,791,3,1,3,29,2,0,0
11049,699,5,0,0,3.8,12.6,0,0
11059,825,6,1,1,47.9,1.1,1,1
11069,614,12,0,2,67.2,0.5,0,0
11082,773,11,0,3,32.7,7.7,1,1
11084,797,5,0,4,62.2,14.8,0,0
11085,700,9,0,5,57.1,3.8,0,0
11088,699,5,1,4,53.1,9.6,0,0
11093,731,5,0,1,11.1,8.9,0,0
11095,765,1,1,1,2,10.5,0,0
11097,691,4,1,2,38.7,2,0,0
11099,735,10,0,2,53.2,13.5,0,0
11100,677,11,0,0,25.3,7.2,0,0
11101,800,1,1,3,31.8,5,0,0
11114,753,6,0,4,41.7,19.6,0,0
11118,660,10,1,3,16.7,4.8,0,0
11124,668,11,1,3,6.5,4.1,0,0
11132,698,9,2,2,61.5,8,0,1
11134,786,7,2,2,32.3,8.8,1,1
11135,809,7,2,1,23.8,10.7,0,0
11141,762,6,1,2,19.9,8.4,0,0
11143,764,3,0,4,19.8,10.2,1,1
11154,772,11,0,0,58.3,9,0,0
11161,716,7,1,2,34.6,4.3,0,0
11167,697,9,0,4,10.3,8.8,0,0
11172,686,4,1,2,54.9,13.4,0,0
11177,642,4,0,0,42.4,7,0,0
11178,809,6,1,1,21.6,6.7,0,0
11188,713,6,1,1,51.7,3.1,0,0
11194,665,7,1,2,14.5,7.8,0,0
11196,685,10,2,3,35.7,8.3,0,0
11202,701,11,2,1,7,16.6,0,0
11203,760,6,0,0,31.9,13.6,0,0
11205,672,4,2,3,81,8.4,0,0
11206,830,8,1,5,51.5,4.7,0,0
11212,620,10,2,3,69.9,17.4,0,0
11213,676,5,1,1,1.7,11.7,0,0
11214,701,5,1,3,86.2,6.6,0,0
11219,689,5,0,3,8.2,2.8,0,0
11243,778,4,0,0,27.5,0.5,0,0
11248,676,10,0,2,26.8,7.1,0,0
11251,683,3,0,2,58.4,6.5,0,1
11264,731,9,0,2,5.2,5.9,0,1
11268,697,7,0,1,28,3.8,0,0
11271,830,8,0,1,22.2,6.4,0,0
11281,678,8,2,0,50.2,8.1,0,0
11282,680,4,1,4,47.1,11.7,0,0
11289,675,10,3,1,48.2,9,0,0
11293,690,7,0,5,38.3,8,0,0
11294,674,7,0,2,26.9,3.8,0,0
11300,767,5,0,1,43.8,14.8,0,0
11308,693,7,0,3,38.8,13.2,0,0
11316,655,2,1,0,35.8,4.8,0,0
11325,717,6,0,3,63.4,9.5,0,0
11328,769,7,0,2,60.2,6,0,0
11333,723,16,1,4,41.6,7.7,0,0
11337,763,1,1,2,14.1,10,0,0
11338,745,8,0,3,10.1,13.6,0,0
11345,740,6,1,2,4.2,4.4,0,0
11356,732,6,0,1,31,9.5,0,1
11357,808,9,0,2,56.5,5,0,0
11365,765,5,1,2,35.2,11.7,0,0
11371,720,5,1,1,33.1,4.5,0,0
11384,753,4,0,0,10.3,8.9,0,1
11390,713,12,1,4,35.2,9.9,0,0
11397,684,8,1,2,16,16.6,0,0
11401,717,5,0,2,51.4,13.1,0,0
11402,754,8,0,1,36.9,3.4,0,0
11415,714,11,0,1,22.7,11.1,0,1
11417,804,5,3,1,57,7.7,0,0
11426,641,8,0,3,17.2,21,0,0
11427,696,4,1,3,54.7,7.2,0,1
11429,798,7,1,2,29.7,9.8,0,0
11433,681,8,2,3,45.8,18.3,0,1
11437,687,6,0,1,69.2,10.8,0,0
11440,728,8,2,0,26.4,10.7,0,0
11447,651,4,0,4,34.4,7.1,0,0
11449,723,5,0,5,44.2,5.5,0,0
11458,830,9,1,3,27,7.9,0,0
11460,735,9,0,2,64.1,7.1,0,0
11461,770,6,0,4,3.2,4.2,0,0
11464,763,6,1,2,17.6,7.7,0,0
11465,763,7,0,5,44.4,10,0,0
11469,597,6,2,0,24.4,2.5,0,0
11470,727,6,2,5,30.4,12.5,0,0
11477,652,5,0,3,4,7.1,0,0
11482,675,8,0,1,60.9,6.4,0,0
11484,634,10,2,0,58.7,9.2,0,0
11494,603,4,0,4,4.7,6.4,0,0
11500,790,4,1,4,44.4,8,0,0
11514,735,9,0,0,34.8,3.6,0,0
11516,758,5,0,5,71.5,12.5,0,0
11517,729,6,1,2,14.1,10,0,0
11521,749,5,0,0,16.3,7.9,0,0
11541,805,9,0,2,18.6,5.2,0,0
11547,667,4,0,1,43.1,13.6,0,0
11553,722,6,0,3,18.2,8.3,0,1
11555,742,7,1,2,16.1,9.4,0,0
11556,644,1,1,1,48.2,11.3,0,0
11561,686,8,2,2,27.6,12.1,0,0
11562,669,6,2,1,48.5,12.4,0,0
11563,718,3,0,2,27.3,8.8,0,0
11577,735,8,0,1,54.9,10.8,0,0
11578,812,10,0,1,19.3,11,0,1
11581,679,10,1,1,55.2,15.4,0,0
11583,670,4,0,1,44.9,9.4,0,0
11584,717,12,0,4,55.6,12.5,0,0
11596,748,7,0,4,53.6,16.5,0,0
11610,712,12,1,3,14.8,9.1,0,0
11613,689,5,1,3,15.3,15.4,0,0
11618,758,6,1,2,37.5,7.8,0,0
11622,686,7,2,2,11.2,7.2,0,1
11640,611,1,1,2,31.6,2.1,0,0
11660,709,6,0,1,59.6,14.8,0,0
11678,728,9,1,4,25.9,10.5,0,0
11689,792,8,1,5,53.9,5.4,1,1
11693,830,6,0,2,39.3,3.2,1,1
11699,830,5,0,1,26.3,8.9,0,0
11700,761,17,0,0,45.1,6.3,0,0
11701,759,6,1,2,8.9,11.2,0,0
11704,714,6,0,3,25.8,6.6,0,0
11706,695,11,1,0,22.9,9.7,0,0
11707,697,5,2,2,24.5,14.7,0,0
11721,721,8,0,5,9.9,8.4,1,1
11728,710,11,1,2,41.5,9.5,0,1
11730,735,6,2,1,7.9,7.4,0,0
11732,726,3,0,0,51,11.1,0,0
11737,750,11,0,6,17.4,11.8,0,0
11744,715,7,1,2,43.7,6.5,0,0
11748,723,10,3,2,22.7,6.6,0,0
11785,720,4,0,4,49,4.3,0,0
11790,757,13,0,0,10.3,11.3,0,0
11792,820,7,0,5,41,5,0,0
11796,672,8,0,5,5.4,10.5,0,0
11815,654,9,0,0,27,11.6,0,0
11819,817,13,1,2,20.3,5.2,0,0
11825,751,12,0,2,38.8,9.8,0,0
11826,765,5,0,5,42,11.8,0,0
11828,751,5,2,4,39.7,18.9,0,0
11832,785,3,1,4,4.3,3.1,0,0
11835,687,10,1,4,31.3,7.6,0,0
11843,599,8,0,1,22.3,6.7,0,0
11844,649,6,1,3,48.5,9.9,0,0
11846,794,13,1,2,24.9,15.6,0,0
11852,612,2,0,2,34,11,0,0
11863,726,9,1,0,47.7,7.9,0,0
11865,710,8,0,4,15.4,8.2,1,1
11868,715,6,1,3,16,3.8,0,0
11869,716,6,0,4,39.9,11.9,0,0
11871,679,7,0,3,53.6,9,0,0
11872,743,5,0,2,40.1,6.4,0,0
11877,696,10,0,0,59.9,2.8,0,0
11883,620,8,1,2,17.7,3.1,0,0
11888,616,10,0,0,8.6,13.4,0,0
11889,709,10,1,3,20.5,6.1,0,0
11890,781,11,0,2,63.3,5.1,0,0
11905,806,5,1,2,38.2,10.8,0,0
11907,754,7,0,3,20.3,13.9,0,1
11917,648,4,0,5,35.2,7.5,0,0
11925,655,9,1,1,43.9,14,1,1
11941,739,9,0,2,40.2,13.3,0,0
11951,825,9,0,4,61.1,13.7,0,1
11954,727,8,1,4,19.4,8.7,0,0
11955,830,8,0,2,10.5,12.4,0,0
11958,692,4,0,1,68.2,10.3,0,0
11970,656,5,1,3,13.4,14.2,0,0
11975,670,4,0,3,11.1,7.6,0,0
11984,771,6,1,0,46.3,12.1,0,0
11991,697,6,1,3,26,14.9,0,0
11998,806,8,0,1,17.7,7.1,0,0
12022,696,9,0,6,62.6,9.7,0,0
12024,692,6,1,6,65.6,2.2,0,0
12025,772,5,1,6,51.2,6.6,0,0
12027,817,3,0,4,24.2,8.6,0,0
12035,698,7,0,3,5.6,9.3,0,1
12041,687,7,0,2,39.4,8.8,0,0
12048,722,7,2,3,28.3,7.1,0,0
12058,830,7,1,3,23.4,16.7,0,1
12068,731,9,0,2,28.7,6.3,0,0
12080,737,7,0,5,21.5,8.4,0,0
12084,696,9,1,2,49.8,11.1,0,0
12087,735,4,3,2,23.2,9.7,0,0
12089,781,8,2,4,38.9,7.3,1,1
12091,773,6,2,4,24.2,4.5,0,0
12093,642,3,0,3,22.7,11.3,0,0
12098,749,3,0,1,8.2,8.5,0,0
12099,794,8,1,2,29.8,8.1,1,1
12103,805,12,0,4,55.2,13.9,0,0
12106,635,5,0,2,31.3,6.3,0,0
12107,731,4,1,1,42.9,11.6,0,0
12111,677,4,1,1,50.7,11.5,0,0
12114,722,8,0,4,16.3,14.3,0,1
12115,780,7,0,3,36,12,0,0
12125,718,5,1,1,26.8,9.8,0,0
12128,656,5,0,5,51.8,14.1,0,0
12141,726,9,1,0,13,4,0,0
12145,728,2,1,3,37.2,11.9,0,0
12151,770,6,1,3,59.8,9.7,0,0
12157,707,8,0,1,35.6,12.6,0,0
12164,682,6,0,2,26.4,15.3,0,0
12166,723,7,3,0,55.9,6.2,0,0
12170,753,6,1,0,69.9,9.6,0,0
12174,682,9,0,4,28.9,6.8,0,0
12177,609,5,0,0,38,9.7,0,0
12185,830,8,0,0,26,11.3,0,0
12191,670,2,0,0,18,8.7,0,0
12209,826,8,0,2,54.3,2.6,0,0
12210,668,6,0,2,40.4,7.8,0,0
12241,830,5,3,2,55,8.9,0,0
12243,700,9,2,1,47.6,10.9,0,0
12244,801,8,0,2,41,6.4,0,0
12256,628,4,0,1,40.2,6.2,0,0
12257,687,8,0,2,35.9,12,0,0
12262,632,12,0,1,47.7,8.8,0,0
12267,777,10,1,2,17.9,7.9,0,0
12277,720,5,3,4,7,12.8,0,0
12282,697,7,3,3,77.3,4.7,0,0
12286,739,3,1,0,43.1,4.1,0,0
12298,649,1,0,5,33.4,9.5,0,0
12304,710,7,0,5,46.2,1.6,0,0
12307,756,8,1,1,37.4,7.5,0,0
12312,614,2,0,1,50.1,15.1,0,0
12313,712,9,1,3,64.9,14.7,0,0
12317,658,6,0,3,36.3,6.7,0,0
12318,764,8,1,5,17,11.2,0,0
12322,772,9,1,1,61,5.6,0,0
12326,611,9,2,0,60.3,6.4,0,0
12328,705,9,2,1,3.4,10.8,0,0
12329,682,11,0,1,41.5,9.1,1,1
12332,733,6,1,1,62.6,10.1,0,0
12339,715,6,0,1,35.3,10.7,0,0
12340,660,2,1,6,39.7,2.8,0,0
12346,719,7,0,1,10.4,11.9,0,0
12353,711,5,1,1,53.9,5.1,0,1
12362,654,4,1,2,57.3,7,0,0
12364,799,9,0,2,13,9.4,0,0
12373,767,9,0,3,42.8,8,0,1
12375,732,7,2,1,32.3,9.6,0,1
12378,776,5,0,3,5.3,9.7,0,0
12388,741,3,0,3,38.3,21.4,0,0
12392,635,5,0,1,71.2,14.8,0,0
12403,754,6,0,3,24.4,10.9,0,0
12409,666,5,0,2,18.7,13.6,0,0
12413,718,7,0,1,30.1,10.7,0,0
12419,671,6,1,3,35.7,9.6,0,0
12434,687,2,0,2,38.3,13.3,0,1
12438,736,7,3,6,42.9,8.4,0,0
12446,673,4,2,3,52.3,12.5,0,0
12450,780,13,1,2,37.9,13,0,0
12453,742,6,1,1,39.4,1.5,0,0
12462,695,7,0,4,36.1,7.3,0,0
12465,714,11,1,0,25.3,7.8,0,0
12483,692,4,0,3,44,9.9,0,0
12489,697,4,2,0,6.7,9.7,0,0
12490,646,8,0,1,2.9,5.9,0,0
12497,830,6,0,4,30.2,8.9,0,0
12498,743,8,0,3,66.5,16.5,0,0
12499,718,9,0,4,78.5,5,0,0
12500,729,13,0,1,64.7,13.8,0,0
12504,747,6,2,3,32.2,8.1,0,0
12505,669,6,0,2,14.2,10.8,0,0
12520,728,6,2,1,12.3,15.6,0,0
12523,603,9,0,1,36.8,6.2,0,1
12526,738,6,0,2,49.4,10.9,0,0
12536,564,7,0,4,32.1,5.4,0,0
12549,745,3,0,3,23.1,0.5,0,0
12558,712,6,2,3,45.3,11.4,0,0
12563,808,7,0,0,27.9,7.4,0,0
12564,757,4,2,1,35.2,7.4,0,0
12568,666,10,0,2,16.8,3.4,0,0
12570,631,6,0,3,27.1,8.1,0,0
12579,591,6,1,2,9.6,3.9,0,0
12584,697,2,0,6,38.8,4,0,0
12585,630,8,0,5,64.7,13.3,0,0
12588,716,13,0,1,17.9,0.8,0,0
12591,707,7,0,0,18.8,7.6,0,0
12594,822,4,2,3,25,10.8,0,0
12606,773,9,0,3,42.8,4.3,0,0
12608,612,7,1,2,15.8,5.4,0,0
12609,672,4,0,1,35.8,5.7,0,0
12612,629,6,1,4,37.2,8.2,0,0
12613,737,8,0,3,31.1,7.2,0,0
12618,641,7,1,2,25.4,15.7,0,0
12622,744,8,1,3,40.3,3.4,0,0
12624,650,4,1,4,38.9,10.7,0,0
12625,598,4,1,3,60.7,3,0,0
12638,628,11,0,1,55.2,5.7,0,1
12644,757,8,0,4,29.4,8.7,0,0
12645,814,3,1,2,16.4,3.9,0,0
12646,737,5,0,4,9,15.6,0,0
12655,664,6,0,0,8.3,1.5,0,0
12656,773,7,0,1,6.5,14.6,0,0
12657,701,5,0,2,8,5.5,0,0
12658,640,7,0,2,31.3,14.8,0,0
12663,809,12,1,2,11.4,7.9,0,1
12671,672,9,0,1,19.5,11.2,0,0
12674,644,9,0,1,16.8,9.2,0,0
12677,741,4,0,5,52.8,12.6,0,0
12679,708,6,1,2,11.4,10.8,0,0
12681,724,3,0,2,39,11.6,0,0
12687,761,11,1,4,24.6,6.6,0,0
12703,830,8,2,4,23.8,10.1,0,0
12707,815,11,0,3,74.4,8.1,0,0
12708,739,7,1,0,35.4,9.5,1,1
12711,728,7,1,1,40.5,5,0,1
12722,733,9,0,2,42.7,12.8,0,0
12723,830,6,1,4,70.6,11.3,0,0
12724,805,3,0,3,71.2,12.4,0,0
12728,716,6,2,3,51,8.8,0,0
12733,692,8,1,4,11.4,6.6,0,0
12738,728,5,0,2,62.9,7,0,0
12753,830,5,0,2,55,15.1,0,1
12754,747,12,0,2,20.4,10.7,0,0
12758,762,7,0,1,11.9,12.3,0,0
12761,802,10,1,1,29.5,14.2,0,1
12762,725,9,0,3,57.8,14.4,1,1
12763,695,4,0,1,35.2,11.1,0,0
12764,692,9,1,3,41.1,6.4,0,0
12765,769,7,1,1,18.2,7.1,0,0
12766,830,8,1,3,39,10.5,0,0
12771,766,5,0,2,23.6,8.5,0,0
12775,720,7,1,3,31.1,8.7,0,0
12785,728,12,0,2,30.4,4.3,0,1
12792,812,5,0,4,33.3,8.9,0,0
12793,719,6,1,2,32.1,8.8,0,0
12794,674,8,1,2,58.2,11.6,0,0
12795,766,8,0,6,26.7,10.8,0,0
12797,561,8,0,1,6.8,6.4,0,0
12798,777,12,2,4,41.2,1.4,0,0
12799,729,9,2,1,45,2.4,0,0
12802,697,9,0,2,60.6,1.7,0,0
12805,697,2,1,4,16.7,0.7,0,0
12811,732,11,2,0,20.9,3,0,0
12813,729,5,0,2,14.8,11.1,0,0
12816,705,4,1,4,65.1,6,0,0
12834,585,5,1,2,57.8,7,0,0
12850,641,14,0,5,30.6,10.4,0,0
12862,696,13,0,2,25.5,11.5,0,0
12875,809,6,0,2,38.8,12.5,1,1
12878,793,6,1,2,36.4,9.9,0,0
12881,686,3,1,2,40.3,14.7,0,0
12895,618,4,1,7,14.6,15.1,0,0
12901,655,2,1,0,68.9,7,0,0
12903,774,7,0,2,45.9,12.4,0,0
12908,736,2,1,7,41.4,8.4,0,1
12911,727,5,2,2,58.3,15,0,0
12913,668,6,0,0,31.9,11,0,0
12918,703,11,0,1,53.6,12.7,0,0
12920,825,8,1,1,68.6,5.1,0,0
12922,773,2,0,2,6.2,9.2,0,0
12931,649,3,1,2,79,12.3,0,0
12943,800,9,2,1,3,11.6,0,0
12944,733,6,1,1,43.1,11.1,0,1
12949,726,7,1,6,17.6,15,0,0
12953,652,7,0,1,58.7,14.6,0,0
12961,636,8,1,3,25.5,14.4,0,1
12963,757,2,0,1,67,11.4,0,0
12971,579,10,1,1,28.1,11.4,0,0
12973,683,6,1,2,31.4,10.2,0,0
12974,645,10,0,2,27.2,6.8,0,0
12979,696,10,0,1,61,10.7,0,0
12984,781,11,1,2,11,12.7,0,0
12988,658,9,0,0,22,10.3,0,1
12989,666,5,1,0,32.1,8.3,0,0
12992,763,4,2,3,25.3,7.6,0,0
12993,667,8,0,1,31.1,8.9,0,0
13002,674,14,1,2,67.9,12,0,0
13008,797,3,2,5,23.7,8.3,0,0
13016,728,7,1,3,58.9,9.9,0,1
13021,642,7,0,2,54.7,3.8,0,0
13025,767,4,0,2,18.2,7.6,0,0
13027,662,9,1,5,28.7,5.3,0,0
13036,734,12,0,2,53.5,12.8,0,0
13045,722,7,0,0,73.8,9.5,0,0
13065,814,8,0,1,48.6,6.6,0,0
13069,787,13,1,3,5.9,8.7,0,0
13071,763,12,0,0,12,14.7,0,0
13075,700,6,0,8,25.5,7.4,0,0
13077,733,4,0,2,21.3,4.5,0,0
13081,686,10,0,4,39.2,6.1,0,0
13086,688,8,0,2,28.7,9.2,0,0
13105,644,5,2,3,66.8,4,1,1
13117,675,11,0,2,16,4.4,0,0
13118,703,5,1,2,15.5,4.5,0,0
13120,650,5,1,1,46.3,5.9,0,0
13123,756,12,1,5,49.4,4.5,0,0
13127,752,7,0,2,66.5,1.2,0,0
13135,685,9,0,1,17.1,13.1,0,0
13145,830,6,0,2,25.9,0.5,0,0
13150,635,6,0,1,48.8,14.3,0,0
13153,742,6,0,1,14,8.9,0,1
13155,746,9,3,2,42.4,9.3,0,0
13158,721,7,1,1,43.6,8.4,0,0
13161,673,3,1,5,44.2,10.4,0,0
13167,668,5,0,4,17.3,4.3,1,1
13171,616,9,2,2,34.2,18.7,0,0
13173,768,10,2,0,33.4,13.1,0,0
13174,830,6,0,2,19.6,5.9,0,0
13176,597,8,2,2,54.4,11.9,0,0
13181,658,5,0,0,76.8,12.8,0,0
13195,779,9,1,3,42.2,12.8,0,0
13197,830,7,1,1,18.9,9.5,0,0
13199,803,5,0,3,55.3,8.3,0,0
13205,768,5,0,3,51,12.8,0,0
13206,782,5,2,5,20.6,7,0,0
13224,679,8,3,1,21.7,8.2,0,0
13230,650,8,0,1,34.6,0.5,0,0
13241,696,9,0,0,35.6,0.5,0,0
13248,638,3,2,1,74.9,11.1,0,0
13256,736,5,0,3,32.5,8.8,0,0
13264,823,6,1,1,29.7,8.8,0,0
13269,668,9,1,2,14.3,6.7,0,0
13275,738,8,2,3,39.6,5.1,0,0
13281,692,6,0,1,35.4,12.9,0,0
13289,767,5,0,2,34.8,12.5,0,0
13313,708,5,1,0,45.5,12.3,0,0
13317,725,6,1,1,39.6,8,0,0
13319,754,8,0,0,7.5,9.1,0,0
13321,719,14,0,3,9.3,11,1,1
13325,603,10,2,4,54.9,4.3,0,0
13329,789,6,0,2,14.2,9.3,0,0
13337,730,4,2,1,16.4,16.1,0,0
13338,712,7,2,1,27.8,5.5,0,0
13340,713,5,0,1,33,12.2,0,2
13342,708,7,2,4,19.9,0.9,0,0
13347,720,3,0,1,13.7,12.4,0,0
13350,758,8,1,1,24.8,8.4,0,0
13352,715,3,3,3,11.1,13.4,0,0
13356,788,7,0,5,57.6,9.4,0,0
13363,772,6,0,2,23.9,10.1,0,0
13364,693,5,3,0,28.3,5.3,0,0
13368,766,3,2,2,24.7,5.4,0,0
13369,773,6,0,2,36.1,8.3,0,0
13372,814,3,0,4,17.1,6.6,0,0
13373,709,7,1,2,36.6,10.9,0,0
13383,627,4,0,5,48.3,14.3,0,0
13384,639,5,0,2,37.6,8.8,0,0
13386,763,13,0,2,21.1,5.6,0,0
13391,677,8,0,3,40,7,0,0
13410,632,5,1,1,36.8,10.8,0,0
13414,697,7,0,2,11.8,9.5,0,0
13424,830,7,0,1,54.1,10.5,0,0
13425,649,5,0,2,36.1,4.5,0,0
13427,675,10,2,1,5.6,5.9,0,0
13432,790,7,2,1,42.4,10.5,0,0
13435,718,3,2,1,32.6,6.6,0,0
13445,635,5,1,3,30.2,17.8,0,0
13447,822,3,1,2,13.9,8.9,0,0
13448,564,10,0,2,21.4,8.4,0,0
13449,714,9,1,4,48.4,8.5,0,0
13453,780,8,1,4,5.7,5.2,0,0
13456,743,6,1,2,51,10.8,0,1
13482,759,9,1,1,52.6,6.6,0,0
13491,717,8,2,2,41.2,4.6,0,0
13494,674,7,0,2,67.6,5.4,0,0
13496,710,15,0,5,28.4,0.5,0,0
13505,715,10,0,1,38.8,10.9,0,0
13506,704,6,0,2,39.3,9.1,0,0
13516,631,4,0,1,68.6,12.4,0,0
13519,692,7,0,1,38.1,7.2,0,0
13520,762,9,0,0,39.8,11.4,0,0
13521,697,8,0,5,52.9,7.8,0,0
13532,750,7,1,3,28.3,15,0,0
13533,697,7,0,3,66.4,12.1,0,0
13550,674,4,0,2,47,4.6,1,1
13554,799,8,0,1,60.5,11.3,0,0
13560,732,3,0,5,61.4,10.3,0,0
13562,638,11,0,1,13.5,10.6,0,1
13571,615,6,0,2,77.3,10.3,0,1
13572,737,5,0,2,7.8,10.8,0,0
13577,576,8,1,3,29.2,4.5,0,0
13578,814,8,0,4,9.4,11.3,0,0
13580,646,10,1,0,45.3,6.8,0,0
13581,696,6,2,4,55.9,13.4,0,0
13583,714,7,2,1,58.5,9.8,0,0
13594,702,8,0,3,2.6,10.3,0,0
13600,809,5,1,1,31.8,7,0,0
13603,819,6,0,3,9.3,16.4,0,0
13607,594,4,1,2,61.6,10.1,0,0
13610,641,12,0,2,36.7,9.3,0,0
13617,750,5,0,1,55.4,15.5,0,1
13619,626,1,1,2,18.7,1.8,0,0
13625,723,9,0,3,23.5,5.2,0,0
13628,693,7,1,5,29.4,4.5,0,0
13647,732,9,0,2,3.6,11.5,0,0
13657,706,9,1,3,49.2,14,0,0
13659,830,6,2,1,79.8,18.4,0,0
13661,596,7,0,3,17.4,10.7,0,0
13668,642,4,1,5,38.4,8.6,0,0
13671,830,8,0,3,81.9,6.6,0,0
13676,692,6,0,2,23.1,8.1,0,0
13686,745,10,0,0,55.9,18.4,0,0
13693,757,9,2,3,19,10.9,0,0
13694,619,8,0,3,69.7,13.4,0,0
13695,756,8,1,1,46.8,8.5,0,0
13702,721,8,0,2,51.3,9.2,0,0
13712,640,4,0,2,10.4,4.7,0,0
13718,714,5,1,3,37.4,5.1,0,0
13725,721,8,2,3,71,4.2,0,0
13735,736,6,0,0,19.7,9.3,0,0
13748,704,3,0,5,62.2,0.5,0,0
13753,746,7,0,2,29.9,15.4,0,0
13759,706,10,0,2,56.2,11.1,0,0
13771,793,9,0,3,21.4,11.2,0,0
13772,798,7,2,1,23.7,10.2,0,0
13775,786,6,1,4,45.2,13.3,0,0
13776,795,3,0,3,42.8,8.5,0,0
13785,714,0,0,1,19.3,4.4,0,0
13788,703,6,1,2,31.3,5.6,0,0
13793,760,10,1,1,28.3,7.9,0,0
13802,657,6,0,2,55.5,3.6,0,0
13805,749,6,1,1,33.6,14.8,0,0
13807,830,5,0,2,27.2,7.7,0,0
13817,674,5,1,5,57.8,11,0,0
13823,646,5,0,2,15.9,10.4,0,0
13824,687,10,1,2,28.2,9.3,0,0
13825,596,8,2,3,16.5,1.4,0,0
13833,801,4,0,5,14.3,3,0,0
13839,723,8,3,5,23.6,2.5,0,0
13846,755,9,0,3,64.5,8.6,0,0
13854,646,6,0,4,5.5,12.6,0,0
13866,737,9,3,1,21.7,10.9,0,0
13878,722,9,0,1,24.8,0.5,0,0
13881,745,11,0,4,2.1,8.4,0,0
13897,718,7,1,2,17.5,8.1,0,0
13900,666,5,1,4,10,15.7,0,0
13901,777,6,0,1,11.8,6.7,0,0
13914,774,5,0,1,54.6,0.5,0,0
13917,723,6,1,3,69.5,11.1,0,0
13918,823,5,1,2,27.4,13.2,0,0
13921,683,6,0,1,43.7,7.4,0,0
13922,793,10,2,3,5.8,7.1,0,0
13925,679,9,0,2,29.9,2.3,0,0
13932,691,4,0,3,13.2,15.7,0,0
13943,783,10,3,2,27.3,13.3,0,0
13952,808,5,0,2,63.3,12.2,0,0
13955,818,7,0,2,58,15.4,1,1
13958,638,9,1,5,43.6,8.9,0,0
13960,754,7,1,4,60.9,14.8,0,0
13961,764,3,1,4,40.5,8,0,0
13963,585,7,1,2,37.8,17.1,0,0
13967,785,5,1,3,13.6,9.6,0,1
13970,732,5,0,1,40.5,14.4,0,0
13975,737,4,0,2,64.9,10.2,0,0
13985,790,9,1,4,51.2,14.1,0,0
13986,729,16,0,2,8,6,0,0
13988,674,7,1,0,28.5,10.7,0,0
14022,732,10,0,4,4.2,14,0,1
14024,704,5,1,0,17.7,10.6,0,1
14025,687,6,0,1,31.5,6.5,0,0
14030,601,8,0,1,28.5,4.8,0,1
14044,716,10,0,6,27,9.2,0,0
14046,571,5,1,0,38.7,3.7,1,1
14050,830,8,0,0,19.7,9.6,0,0
14054,697,8,4,2,18,9.2,0,0
14057,666,12,0,1,37.4,9.6,1,1
14069,829,5,0,2,35.9,12.1,0,0
14080,685,6,0,1,20.6,5.7,0,0
14094,790,5,0,0,40.5,5.6,0,0
14104,801,8,1,2,43.5,8.8,0,0
14110,575,8,1,2,9.6,12.4,0,0
14115,703,11,3,5,37.3,16,0,0
14124,693,2,0,6,27.2,1.2,0,0
14125,769,2,1,2,18.9,8.1,0,0
14127,626,6,0,2,22.5,10.8,0,0
14155,635,10,0,1,37,9.8,0,1
14163,668,10,1,3,25.1,4.4,0,0
14166,622,6,1,2,19.8,4.9,0,0
14178,685,5,0,2,49.3,16.2,0,0
14179,681,6,1,1,54.8,10.2,0,0
14180,721,6,0,3,32.7,3,0,0
14184,688,10,0,2,19.8,5.8,0,0
14185,572,5,0,2,30.3,10.3,0,0
14186,738,15,0,1,13,6.2,0,0
14195,694,3,2,0,45.4,4.5,0,0
14210,763,7,2,2,26,14.2,1,1
14215,804,13,1,0,24,8.6,0,0
14216,600,11,0,1,24.2,0.5,0,0
14223,699,7,0,2,15.9,10.9,0,0
14232,790,4,0,3,24.9,5.6,0,0
14234,623,5,0,3,33.7,11.3,0,0
14240,699,7,3,0,47.9,10.1,0,0
14249,784,7,1,0,14,7.8,0,0
14252,678,9,1,1,28.9,4.2,0,1
14255,700,5,1,3,21.9,5.3,0,0
14276,619,8,0,0,55.7,4.5,0,1
14281,799,7,0,5,21.1,8.4,0,0
14303,760,9,0,0,14.6,10,0,0
14310,830,11,1,4,25.8,11.9,0,0
14313,784,3,0,1,37.2,5.1,0,0
14319,807,7,1,2,18.8,5,0,0
14326,646,10,0,2,54.9,6.4,1,1
14329,632,12,0,2,66.7,6.8,0,0
14334,763,9,0,1,46.5,9.1,0,0
14338,712,10,0,2,44,6.9,0,0
14339,684,9,1,5,19.9,9.7,0,0
14340,680,6,0,4,21.5,14.5,0,0
14341,740,9,0,2,62.7,6.7,0,0
14349,609,11,0,3,12.7,9.6,0,0
14361,670,12,0,3,12,16.2,0,0
14363,730,5,0,1,29.6,3.7,0,0
14365,807,7,0,4,16.2,13.3,0,0
14366,724,7,0,3,26.1,11.7,0,0
14373,808,6,0,2,22.2,15.4,0,0
14387,747,9,0,2,54.3,4.3,0,0
14388,669,11,0,3,19.4,9,0,0
14400,739,5,0,1,6.4,9.9,0,1
14403,704,8,0,0,30.6,3.5,0,0
14404,737,8,2,3,30.8,7.9,0,0
14411,681,5,1,0,44.6,5.7,0,0
14412,686,11,1,0,31.7,7.6,0,0
14425,812,8,1,4,71.9,8,0,0
14432,706,6,1,5,68.2,5.2,0,0
14434,672,2,0,2,70.4,15.8,0,0
14437,743,7,0,1,13.9,7,0,1
14438,782,9,1,4,34,16.6,0,0
14443,635,4,1,2,33.3,9.6,0,0
14447,663,10,0,4,6.1,11.3,0,1
14454,740,9,3,6,35.6,5.2,0,0
14456,715,8,0,1,69.5,13.7,0,0
14457,740,5,0,3,21,4.4,0,0
14471,767,4,0,1,44.9,3.4,0,1
14478,675,4,1,2,50.9,16.4,0,0
14482,744,10,0,2,25.8,11.7,0,0
14487,697,4,0,0,49.9,9,0,0
14489,755,7,0,2,16.6,9.6,0,0
14493,714,7,0,2,41.6,6,0,0
14499,653,7,1,1,10.9,10.6,0,0
14500,706,7,1,3,40.6,14.5,0,0
14502,676,10,0,3,20.1,10.5,0,0
14505,760,8,1,0,43.2,15.1,0,0
14513,692,8,1,4,22.2,10.6,0,0
14521,595,7,0,6,18,5.5,0,0
14526,806,9,0,3,28.8,9,0,0
14530,764,6,1,1,42.9,12.3,0,1
14536,815,5,0,3,15.9,6.6,0,0
14544,754,7,3,1,74.3,7.9,0,0
14550,734,6,0,4,13.8,12,0,0
14551,735,10,2,0,57.6,5.7,0,0
14553,749,10,1,2,6.7,7.7,0,0
14554,708,9,0,1,31,5,0,0
14558,830,4,0,5,45.7,8,0,1
14559,629,8,0,0,12.5,8.2,0,0
14565,745,7,0,4,22.8,14.6,0,0
14569,748,7,1,1,54.7,5.7,0,0
14579,689,7,1,2,10.2,8.4,0,0
14580,696,8,1,0,18.6,3.5,0,0
14582,778,9,1,3,35.6,9.9,0,0
14583,696,9,0,1,59.4,16.6,0,0
14592,693,6,2,2,14.7,15.1,0,0
14593,801,11,1,2,21.6,2.4,0,0
14596,601,4,0,2,37.4,4,0,0
14601,640,3,0,4,44,13.3,0,0
14607,748,9,0,4,71.8,10.3,0,0
14611,829,6,0,1,12.4,11.8,0,0
14619,825,9,0,3,28.1,4.1,0,0
14628,671,8,0,3,58.7,4.2,0,0
14630,830,7,0,0,88.4,3.6,0,0
14632,665,9,0,4,19.4,5.7,0,0
14637,692,9,0,2,56.1,15.4,0,0
14640,830,10,0,2,60.8,2.3,0,0
14654,777,8,0,2,36,12,0,0
14658,678,9,2,2,52.9,13.3,0,0
14660,684,8,0,3,14.1,5.7,0,0
14661,809,4,0,3,27.7,11.8,0,0
14666,727,8,1,0,6.7,9.9,0,0
14674,732,3,0,1,5.8,11,0,0
14675,676,10,1,2,29.1,16.7,0,0
14677,714,7,1,3,37.2,4.3,0,0
14681,819,7,0,1,36.3,10.4,0,0
14685,696,4,1,4,63,5.4,0,0
14698,802,8,0,4,23.2,10.4,0,0
14701,706,7,1,1,16.1,3.9,0,0
14704,695,9,1,2,49,10.1,0,0
14710,760,4,1,3,33.6,4.5,0,0
14716,696,5,0,1,4.3,8.3,0,0
14719,752,5,1,2,26.1,14.8,0,1
14725,823,10,0,3,21.1,13.7,0,0
14730,619,12,0,3,13.8,7.8,0,0
14748,665,5,0,2,38.5,7.7,0,0
14752,752,6,0,2,33.2,4.6,1,1
14760,669,9,1,2,56.8,5.9,0,0
14763,740,6,0,0,64.8,4.3,0,0
14774,711,3,0,2,49,7.3,1,1
14782,666,6,0,1,39,1.5,0,0
14792,724,6,0,1,16.9,14.9,0,1
14801,763,6,0,0,27.1,8.1,0,0
14807,744,6,1,0,17.9,8.1,0,0
14815,706,1,1,2,50.5,11,0,0
14827,813,11,0,4,23.7,11.6,0,0
14831,621,10,0,0,16,18.2,0,0
14832,693,6,0,5,56.5,4.8,0,0
14837,738,8,0,2,67,3.3,0,0
14845,749,8,4,3,45.1,14.6,0,0
14846,654,5,0,3,35.2,16.8,0,0
14850,731,8,0,3,74.1,8.5,0,0
14857,710,5,1,1,43.9,7.7,0,0
14859,685,10,0,2,20.4,11.4,0,0
14861,793,10,0,1,42.2,3,0,0
14864,725,10,0,6,22,7.1,1,1
14865,720,13,0,2,29.8,8.1,0,1
14867,711,8,0,2,21.1,2.5,0,1
14881,780,5,1,2,1.1,10,0,0
14886,830,10,1,1,31.3,6.4,0,1
14890,830,8,0,1,19.3,13.6,1,1
14898,712,8,1,3,39.3,3.5,0,0
14905,592,8,0,1,7.8,6.5,0,0
14907,583,8,1,1,37.9,12.3,0,0
14909,678,9,1,1,21.9,7.6,0,1
14915,660,8,2,1,22.9,7.3,0,0
14919,689,12,1,2,47.1,15.6,0,0
14923,599,11,0,2,24.5,7.4,0,1
14925,623,6,0,1,29.8,9.8,0,0
14927,685,6,2,0,48.4,4.8,0,0
14931,722,8,0,2,46.3,7.9,0,0
14934,706,8,0,0,11.8,4.2,0,0
14937,736,8,0,0,54,3.3,0,0
14940,734,7,0,2,3.5,12.8,0,0
14952,721,11,0,4,19,6.3,0,0
14959,705,9,0,3,8.1,9.3,0,0
14963,702,5,0,8,39.9,12.1,0,0
14968,773,8,0,4,25.8,13.3,0,0
14969,689,4,3,3,55.4,10.7,0,0
14972,731,2,0,2,11,12.9,1,1
14974,791,8,0,1,76.8,12.2,0,0
14977,681,3,0,3,29.8,8.7,0,0
14985,611,11,0,2,42.7,3.2,0,0
14987,819,3,0,4,16.7,0.5,0,0
14988,607,6,0,3,30.7,4.6,0,0
14995,683,10,0,5,29.4,9.1,0,0
14997,709,4,0,0,41.4,9.7,0,0
15000,785,6,1,1,49.4,4.7,0,0
15005,754,8,0,2,41.6,10.3,0,0
15017,781,10,0,1,40.8,8.9,0,0
15019,682,7,0,3,37,8.8,0,0
15020,732,7,0,1,29.2,12.9,0,0
15022,755,6,1,3,28,11.5,0,0
15026,524,7,0,1,43,11.7,0,0
15034,665,9,0,0,20.6,7.5,0,0
15037,717,16,0,2,50,2.6,0,0
15041,770,7,2,1,37.4,6.8,0,0
15048,628,9,0,2,62.8,10.1,0,0
15053,689,9,0,5,32.5,4.6,0,0
15054,752,5,1,5,52.3,7.2,0,0
15055,751,10,2,1,6.5,13.4,0,0
15058,685,6,0,2,33.9,5.4,0,0
15063,776,6,0,3,44.7,10.3,0,1
15065,663,11,1,0,23.7,8.5,0,0
15073,633,4,0,2,5.3,9,0,0
15076,771,8,0,1,42.6,3.1,0,0
15077,765,6,1,2,61.1,4,0,0
15079,759,2,3,1,39.8,12.1,1,1
15083,685,7,1,3,49.6,8,0,0
15084,690,7,1,3,32.3,8.6,1,1
15088,754,7,2,2,49.4,8.5,0,0
15089,690,9,0,1,5.6,5.3,0,1
15090,753,7,1,1,6,18.2,0,0
15092,680,5,1,2,13.1,8.4,0,0
15095,688,10,1,4,25.6,11.1,0,0
15101,775,10,0,2,20.8,7.4,0,0
15114,749,9,1,3,43.6,10.8,0,0
15118,796,6,0,0,16.7,9.5,0,0
15153,830,7,0,2,13.2,6.7,0,0
15164,698,4,1,2,56.6,3.6,0,0
15178,725,12,2,3,22.9,8.7,0,0
15184,775,7,0,0,22.9,0.5,0,0
15186,684,8,0,7,23.6,11.8,0,0
15190,602,12,1,6,29.9,13.9,0,0
15197,693,3,0,1,20.9,10.2,0,0
15215,701,7,1,2,24.8,8.4,1,1
15220,830,4,0,0,37.2,3.6,0,0
15236,626,7,2,1,35.9,0.6,0,0
15240,691,7,1,0,14.1,7.6,0,0
15241,691,5,1,3,22.3,8.4,0,0
15248,615,9,0,1,19.2,10.8,0,0
15249,733,7,0,2,18.8,12.4,0,0
15261,602,8,0,4,56,10.3,0,0
15273,732,6,1,1,31.5,7.5,0,0
15279,744,6,0,3,49.3,9,0,0
15284,765,6,0,2,56.7,8.5,0,0
15289,636,9,0,3,80.3,8.3,0,0
15290,610,6,2,2,30.7,2.6,0,0
15308,672,9,1,5,58.9,14.5,0,0
15313,769,9,0,1,43.5,9.7,0,0
15317,696,14,0,3,47.2,11.1,0,0
15318,751,3,0,4,28,6.7,0,0
15321,728,6,0,0,19.9,13.7,0,0
15322,654,6,0,6,31,15.8,0,0
15327,739,10,2,2,20.6,7.9,0,0
15334,753,7,1,1,18.5,7.8,0,0
15343,688,7,1,2,41,0.5,0,0
15344,718,4,0,2,25.9,7.8,0,0
15348,766,7,0,1,9.6,5.6,0,0
15354,786,6,0,2,16.8,6.2,0,0
15361,783,8,0,2,86.8,6.4,0,0
15366,720,6,1,5,19.8,13.2,0,0
15374,663,7,0,1,24.2,12.3,0,0
15377,716,9,0,1,26.4,5.4,1,1
15393,657,6,1,3,32.6,10.2,0,0
15395,707,5,0,2,25.4,13.2,0,0
15396,785,3,0,2,46.4,8.2,0,0
15399,830,5,0,1,6.8,8.2,0,0
15402,723,7,1,3,24.3,13.2,1,1
15404,830,4,1,5,54.1,0.5,0,0
15405,786,7,1,6,32.6,5.9,0,0
15408,767,6,0,1,21.5,6.6,0,0
15410,821,5,0,3,53.9,4.5,0,0
15412,692,9,0,4,58.6,8.8,0,0
15417,806,3,1,3,16.8,12.2,0,1
15419,627,2,1,4,16.6,2.7,0,0
15441,755,6,1,3,27.2,13.2,0,0
15442,730,5,0,2,30.4,5.5,0,0
15443,682,7,0,1,52.2,16.4,0,0
15445,688,5,0,0,34.5,2.4,0,0
15455,704,7,0,1,31.6,10.3,0,0
15477,629,8,0,2,29.3,6.7,0,0
15483,718,6,0,3,27.3,10.6,0,0
15484,630,10,1,1,20.1,12.2,0,1
15499,734,5,0,3,3.7,13.2,0,0
15503,682,11,1,2,23.8,3.1,0,1
15505,812,10,0,2,60.3,0.5,0,0
15526,646,6,1,5,33.3,4.6,0,0
15539,695,8,0,6,13.7,9.6,0,1
15541,711,7,0,2,10,6.1,0,0
15550,686,3,3,6,51.1,16.6,0,0
15553,830,9,1,1,49.3,7.5,0,0
15554,763,2,0,1,68,12.4,0,0
15555,734,11,1,0,17.2,13.6,0,0
15556,641,9,1,0,12.3,0.5,0,0
15558,696,8,1,6,37.6,13.4,0,0
15566,724,4,2,2,25,3.5,0,0
15567,772,9,1,0,60,13.6,0,0
15575,691,9,1,5,22.5,8.8,0,0
15578,660,5,1,1,41.6,7.3,0,0
15583,691,11,1,1,28.6,3.5,0,0
15589,523,10,1,0,40.9,9.4,0,0
15594,753,6,0,4,59.7,6.5,0,0
15595,671,6,0,1,40.5,15.1,0,0
15598,634,9,0,1,57.5,4.3,0,0
15599,750,10,1,3,17.3,10.9,0,0
15616,830,10,0,2,64.5,17.7,0,0
15624,703,5,0,2,45.8,12.5,0,0
15639,769,3,0,0,3.6,11.5,0,0
15640,674,14,1,1,66.1,7.5,0,1
15646,624,5,1,1,4.2,2,0,0
15648,724,6,0,1,53.3,8.4,0,0
15650,726,4,0,6,55.3,0.5,0,0
15653,696,9,0,3,45.9,12.1,0,0
15657,800,5,1,4,22.3,5.8,1,1
15664,673,4,3,2,77,7.9,0,0
15677,761,10,0,2,47.6,15,0,0
15695,737,2,1,2,27.3,13.4,0,0
15701,738,8,1,0,50,11.2,0,0
15717,699,9,0,0,6.3,5.4,0,0
15718,618,8,1,2,23,3.6,0,0
15719,791,8,0,0,74.3,12.2,0,0
15726,814,10,0,2,12.7,1.8,1,1
15729,684,11,0,3,36.4,9.6,0,0
15737,659,7,0,3,50.4,11.3,0,0
15751,579,10,0,5,11.8,7.2,0,0
15755,695,10,0,8,19.6,10.1,0,0
15764,664,5,0,4,34.8,6.2,0,0
15771,621,9,0,2,47.3,14.9,0,0
15776,586,9,0,3,45.9,6.4,0,0
15777,592,3,1,2,40.3,4.3,0,0
15779,712,8,1,1,64.2,9.1,0,0
15785,647,7,0,4,61,10.3,0,1
15786,724,3,0,3,12,10.7,0,1
15788,679,4,2,2,31.2,10.9,0,0
15801,652,13,1,2,42.4,7.7,0,0
15807,684,3,0,2,27.5,5.3,0,0
15810,606,8,1,2,26.7,17.2,0,1
15811,776,5,0,2,5.6,8.9,0,0
15816,695,5,1,3,78.2,16.6,0,0
15817,822,7,2,3,53.8,0.5,0,0
15851,771,4,0,2,20.8,9.1,0,0
15854,728,5,0,2,24.2,7.9,0,0
15865,715,3,1,4,48.2,8.2,0,0
15867,806,4,0,2,28.9,2.4,0,0
15869,778,10,4,2,80.4,11.6,0,0
15877,778,10,1,0,21.6,9,0,0
15878,696,13,1,3,59.1,9.4,0,0
15883,772,2,2,2,9.4,12.5,0,0
15884,762,8,0,5,32.3,5,0,1
15888,580,7,0,5,21.4,8.1,0,0
15890,712,5,1,5,21.2,6.7,0,1
15894,758,5,0,3,43.5,9.2,0,0
15904,806,11,0,2,7.5,7.9,0,0
15907,805,7,0,4,35.8,10.9,0,0
15908,625,9,1,1,12.9,11.4,0,0
15909,608,4,0,0,47.5,9.9,0,0
15911,770,4,0,4,17.6,8,0,0
15915,737,8,0,4,45.6,16.9,0,0
15916,657,5,3,0,35,12.2,0,1
15922,590,7,0,0,17.9,8.3,0,0
15932,658,8,0,2,16.9,10.6,0,0
15938,684,5,1,0,47.6,4.1,0,0
15941,715,9,1,6,25,12.5,0,0
15953,747,6,1,3,10,12,0,2
15960,652,14,2,2,27.8,8.9,0,0
15962,744,6,1,1,4.7,10.3,0,0
15973,778,6,1,4,42.7,8.2,0,1
15979,771,8,0,1,41.8,7.1,0,0
15984,682,5,1,2,30.7,13.2,0,0
15995,680,8,1,0,20.7,8.8,0,0
15996,675,10,0,4,17.3,10.2,0,0
16001,681,8,0,1,40.9,6.1,0,0
16007,714,4,1,6,20.5,11,0,0
16023,802,6,1,2,11.8,9.9,0,0
16024,823,6,1,4,31.6,15.1,0,0
16029,763,4,0,0,10.2,6.1,0,0
16034,753,5,1,4,75,4.8,0,0
16049,780,7,0,2,60.1,13,0,1
16056,605,8,1,3,26.9,13.7,0,0
16062,795,5,0,1,59.4,10.4,0,0
16063,765,3,0,1,36.5,12.9,0,0
16066,776,8,0,1,23.7,13.1,0,0
16068,627,7,0,3,3.9,10.4,0,0
16070,744,8,2,3,46.4,2.7,0,0
16075,753,5,0,3,65.3,7.8,0,0
16076,722,7,0,0,17.5,0.5,0,0
16079,744,9,0,2,60.2,6.4,0,1
16082,710,9,1,3,54.7,12.8,0,0
16089,679,12,2,0,61.5,9.6,0,0
16100,815,5,1,0,36.1,9.5,0,0
16101,677,4,1,2,25.8,9.5,0,0
16103,692,8,0,4,30.4,6.9,0,0
16112,720,5,0,0,24.7,14.5,0,0
16120,689,13,0,3,25.2,12.4,0,0
16124,808,4,2,2,8.4,3.7,0,1
16126,703,7,1,3,21.7,8.6,0,0
16131,793,11,1,4,20.1,8.8,0,0
16132,712,7,1,4,50.4,4.5,0,0
16137,691,6,1,2,32.1,11.8,0,0
16138,750,9,1,1,22.9,10.1,0,0
16144,684,8,1,4,41.8,10.2,0,0
16149,830,9,0,2,22.3,14.1,0,0
16155,830,9,0,1,64.2,5.9,0,0
16163,696,9,1,1,47.2,4.1,1,1
16168,771,13,0,3,22.6,9.2,0,0
16186,751,6,0,4,2.3,15.1,0,0
16192,830,8,2,2,34.9,10.5,0,0
16213,664,17,1,3,9.1,14.5,0,0
16217,637,12,0,1,35.8,2.3,0,0
16225,519,6,2,1,55.1,7.4,0,0
16228,734,9,1,3,27,2.5,0,0
16235,818,13,1,2,64.6,13.3,0,0
16240,773,7,0,4,27.9,12.5,0,0
16247,578,4,1,2,35.4,8.4,0,1
16252,769,12,0,0,23.1,12.7,0,0
16259,730,6,0,1,47.8,9.7,0,0
16263,820,7,0,4,24,16.7,0,0
16269,624,8,0,1,5.6,15.2,0,0
16280,782,9,2,2,16.2,9.2,0,0
16283,593,5,0,4,11.4,1.4,1,1
16290,695,6,0,1,12.8,10.1,0,0
16291,648,7,0,1,35.2,10.2,0,0
16292,736,2,0,2,29.8,12.9,0,0
16299,689,8,1,3,46.4,11.5,0,0
16300,830,4,0,3,25.3,5.9,0,0
16304,629,6,0,4,1.6,4,0,0
16316,733,9,1,3,15.8,11.9,0,0
16317,608,6,0,4,60.6,9.7,0,0
16324,708,10,2,5,39.2,8.5,1,1
16336,696,18,1,1,45.6,9.4,0,0
16337,687,7,0,4,21.1,5.2,0,0
16338,769,6,1,5,29.5,11.3,0,0
16343,722,6,1,3,20.7,3,0,0
16345,670,12,1,3,21.7,6.9,0,0
16349,611,6,1,0,38.8,10.2,0,0
16360,569,6,1,0,31.8,9.7,0,0
16362,786,7,0,3,31.1,23.1,1,1
16371,706,9,1,2,39.7,10.3,0,3
16374,733,6,0,2,36.4,5,0,0
16380,797,7,0,1,60.3,8.3,0,0
16385,697,7,1,0,16.9,15.1,0,0
16392,686,8,2,1,38.6,8.8,0,0
16405,768,8,1,3,24,6.1,0,0
16420,740,7,0,1,3,7.3,0,0
16427,662,11,1,3,67.5,24.1,0,0
16429,693,8,1,1,15.8,12.2,0,1
16430,721,6,0,1,24.2,6.8,0,0
16437,673,5,1,1,45.3,12.6,0,0
16439,659,8,0,8,17.3,5.3,0,0
16445,728,10,0,5,36.8,8.5,0,0
16456,830,4,0,2,38.1,15.1,0,0
16465,575,5,0,2,41.4,7.4,0,0
16485,761,8,1,8,20.4,5.2,0,0
16496,629,8,0,2,69.2,8.2,0,0
16498,776,7,1,5,36.1,0.5,0,0
16503,640,9,0,4,16.1,6.5,0,0
16504,612,10,1,1,39.5,9.2,0,0
16516,818,3,0,4,36,12,0,0
16526,736,6,1,2,28.3,10.9,0,0
16529,688,8,0,1,14.6,6.3,0,0
16530,727,9,0,2,26.2,4.2,0,0
16542,809,10,0,0,27.7,5.5,0,0
16544,724,5,0,2,16.3,12.6,0,0
16553,781,5,2,4,51.7,7.2,0,0
16558,792,7,1,3,45.8,12,0,0
16559,642,7,0,4,21.6,4.6,0,0
16563,699,13,1,3,42.5,11.8,0,0
16564,830,5,0,5,18.8,4.8,0,0
16567,698,8,0,4,24.4,7.6,0,0
16569,631,8,1,3,8,7.9,0,0
16572,649,5,0,3,70.1,9.3,0,0
16574,675,8,0,1,6.6,12.4,0,0
16576,756,5,0,0,29.4,11.1,0,0
16579,627,2,1,2,33.7,5.1,0,0
16580,783,8,0,1,12.4,7.7,0,1
16586,698,3,0,2,12.6,11.6,0,0
16597,785,6,1,3,49.8,12.2,0,0
16605,788,2,2,4,46.1,4.2,0,0
16607,697,12,0,0,55.8,2.6,0,0
16610,697,7,0,3,40.3,4.2,0,0
16620,767,9,1,3,16.9,12.2,1,1
16623,746,8,1,0,30.3,15.3,0,0
16624,677,10,0,4,25.1,2.1,0,0
16631,669,4,0,1,31.5,4,0,0
16632,778,9,1,6,24.2,10.5,0,0
16637,787,6,2,4,25.3,2.5,0,0
16638,707,3,0,3,10.9,10.5,0,0
16644,778,9,0,6,22.6,11.7,0,0
16653,617,5,0,2,29.1,9.4,0,1
16662,639,2,0,2,37.8,9.7,0,1
16666,723,8,2,2,3.2,9.4,1,1
16670,745,6,2,2,34.1,7.6,0,0
16672,693,9,0,0,34.6,8.4,0,0
16677,790,9,1,1,21.4,15.2,0,0
16683,778,4,0,0,18.8,5,0,0
16684,743,6,1,4,17.7,7.3,0,0
16688,740,5,1,1,54.8,11.1,0,0
16690,739,2,1,2,27.6,11.2,0,0
16692,662,9,1,4,72.8,4.2,0,0
16694,762,4,0,0,56.6,8.5,0,0
16700,794,8,0,2,75.6,8.3,1,1
16703,807,6,3,3,16.8,9.2,0,0
16706,809,2,3,3,15.9,7.8,0,0
16716,690,9,0,0,19,9.7,0,0
16752,728,6,0,2,38.5,8.6,0,0
16755,830,12,0,3,31.5,14.5,0,1
16758,683,5,0,1,49.5,12.5,0,0
16762,627,8,0,3,59.9,12.6,0,0
16777,701,7,0,4,15.8,11.1,0,0
16790,732,6,2,1,35.8,10.1,0,0
16812,752,4,4,3,9.1,11.9,0,0
16816,648,13,1,2,17.7,15.6,0,0
16817,664,7,2,1,27.7,2.6,0,0
16819,778,10,0,3,40.1,10.5,0,0
16820,720,8,0,2,25.5,10.5,0,0
16826,698,2,0,0,23.6,4.9,0,0
16842,720,8,1,0,61.1,4,0,0
16845,706,6,1,5,44.5,8.6,0,1
16851,633,7,1,5,20.1,9.3,0,0
16859,830,7,1,2,43.9,9.2,0,0
16864,707,4,1,2,60.6,8.3,0,0
16869,722,7,3,0,27.6,6.4,0,0
16870,670,11,2,7,34.8,11.5,0,1
16875,759,7,0,2,48,8.7,0,0
16876,751,9,0,4,60.8,0.5,0,0
16885,697,10,0,3,38.8,6.6,0,0
16892,737,10,1,1,14.9,10.9,0,0
16903,682,12,2,3,26.5,8.4,0,0
16937,610,7,0,3,20.7,15.2,0,0
16944,687,4,0,2,42.8,10.1,0,0
16948,797,4,0,1,6.1,2.2,0,0
16952,680,8,0,2,64.9,10.8,0,0
16954,691,8,1,1,66.4,0.8,0,0
16955,661,9,2,2,32.5,9.2,0,0
16956,788,13,0,3,61.4,13.8,0,0
16968,717,6,0,3,6.8,12.5,0,0
16974,766,8,1,0,2.2,11.2,0,0
16976,648,3,0,1,63.7,7,0,0
16977,712,7,0,4,44.1,2.9,0,0
16981,774,11,0,2,64.2,7,0,0
16984,670,11,0,3,15.1,8.9,0,0
16994,764,9,1,2,13.7,12.1,0,0
16997,806,9,0,1,12.8,14.2,0,0
17006,718,6,0,2,13.2,6.3,0,0
17010,750,4,1,1,8.9,12.1,0,1
17018,776,7,1,6,11.5,4.7,0,0
17027,613,9,0,2,36.3,4.7,0,0
17029,669,6,0,6,13.9,7,0,1
17046,648,6,2,0,34.5,10.1,0,0
17049,644,7,0,3,8.8,8.8,0,0
17052,736,8,0,5,27.8,16.2,0,0
17053,674,12,0,2,24.5,14.1,0,0
17061,683,5,0,0,35.3,14.3,0,0
17073,784,8,0,5,17.4,11.1,0,0
17082,702,4,2,2,40.9,9.4,0,0
17083,606,10,0,1,9.5,7.3,0,0
17087,695,10,0,1,55.5,5.5,0,0
17099,718,6,1,4,56.3,12.1,0,0
17103,774,6,0,1,16.4,7.6,0,0
17104,654,9,4,2,51.6,13.8,0,0
17105,603,3,0,2,37.7,6.6,0,0
17106,692,12,0,1,3.8,11.4,0,0
17115,727,5,1,1,38.2,11.8,0,0
17126,811,9,0,2,38.7,5.5,0,0
17133,650,9,3,1,42.3,7.5,0,0
17134,671,6,3,0,40.4,14.5,0,0
17137,759,7,1,1,47.6,5,0,0
17139,747,10,0,3,51.7,6.9,0,0
17152,761,3,2,2,57.1,8.4,0,0
17154,685,7,2,4,20.9,11.5,0,0
17155,637,7,1,2,2.1,6.9,0,0
17162,704,7,0,1,18.7,7.2,0,0
17167,675,8,0,3,31.2,10.5,0,0
17177,621,6,0,2,3.1,8.2,0,0
17179,785,1,0,3,4.6,10.3,0,0
17184,719,5,2,3,41.3,17.4,0,0
17187,683,3,0,2,38.6,16.2,0,0
17190,637,3,0,1,5.9,6.1,0,0
17197,744,4,1,2,43.3,9.1,0,0
17205,745,4,1,0,44.2,6.4,0,0
17208,748,5,0,2,51.5,8.1,0,0
17211,765,6,0,2,11.7,7.2,0,0
17217,749,7,1,3,42.1,13.8,0,0
17225,782,3,0,2,23.7,9.2,0,0
17227,755,7,2,2,24.4,14.2,0,0
17228,696,7,1,0,35.2,10.5,0,0
17241,740,10,0,0,23.5,6.4,0,0
17245,740,12,0,1,21.9,9,0,0
17248,743,10,1,5,23.8,11.9,0,0
17251,691,2,0,1,24.7,7.8,0,0
17252,736,5,1,5,32.2,4.6,0,0
17254,671,5,1,2,15.6,9.9,0,0
17255,663,9,1,0,28.1,10.2,0,0
17258,808,6,1,3,23.2,4.4,1,1
17265,701,7,0,2,17.3,10.5,0,1
17268,724,10,1,1,17.6,15.7,0,0
17273,821,9,1,2,24.9,2.6,0,0
17276,593,8,1,2,23.5,10.9,0,0
17278,690,7,0,3,76.8,8.9,0,1
17288,788,8,2,3,10,8.6,0,0
17302,743,9,1,2,41.1,5,0,0
17310,793,4,0,3,23.7,7.1,0,0
17311,740,6,1,1,37.1,16.3,0,0
17316,717,6,2,3,61.9,12.8,0,0
17332,753,3,1,1,40.5,9.1,0,0
17333,801,5,0,0,24.7,9,0,0
17336,793,9,1,2,14.8,7.6,0,1
17343,716,2,1,6,4.6,13.6,0,0
17344,605,9,0,1,42.4,3.1,0,1
17358,701,4,1,6,34,6.3,0,0
17371,693,12,2,3,71.9,2.4,0,0
17384,715,9,0,0,37.4,6.1,0,0
17387,743,13,0,1,68.8,4.3,0,1
17389,779,13,1,3,55.2,6.6,0,0
17390,744,9,1,2,37.4,8.9,0,0
17395,725,9,0,5,10.8,1.1,0,0
17401,623,5,1,3,15.7,17.1,0,0
17408,720,5,0,2,36.8,12.2,0,0
17415,654,10,1,3,39.6,6.2,0,0
17416,829,8,1,3,12.3,10.8,0,0
17428,618,3,1,1,18.9,11.5,0,0
17460,740,14,0,0,6.1,6.3,0,0
17471,782,8,0,3,19.3,11.5,0,0
17477,761,7,1,1,34.9,11,0,0
17498,759,6,3,2,63.6,5.8,0,0
17502,614,5,0,4,47.3,6.6,0,1
17511,752,7,1,3,28.1,8.9,1,1
17516,746,6,0,1,19.8,14.1,0,1
17522,708,12,2,2,36.6,8.5,0,0
17523,660,10,0,2,9.7,6.2,0,1
17536,739,6,0,4,69.5,8.6,0,1
17537,620,8,0,0,27.2,4.6,0,0
17546,696,5,1,3,67.5,16.8,0,0
17549,785,6,0,3,29,7,0,0
17558,742,5,0,1,24.7,10.1,0,0
17564,794,10,1,2,18.1,7.6,1,1
17567,808,6,0,4,18.2,6.3,0,0
17571,786,9,1,3,64.4,11.7,0,0
17574,580,11,3,4,55.1,5.3,0,0
17575,830,6,0,3,61,12.1,0,0
17584,830,7,2,5,71,8.4,0,1
17585,620,10,2,0,13.3,4.5,0,0
17590,643,5,0,3,41.7,3.7,0,0
17593,749,9,0,2,29.9,8.7,0,0
17596,731,10,0,3,19.8,6.9,0,0
17600,659,0,1,5,42.9,4.3,0,0
17605,703,8,1,1,6.7,4,0,0
17616,700,7,0,1,38.1,16.8,0,0
17617,633,10,0,4,16.8,6.5,0,0
17625,830,2,2,2,20.6,6.4,0,0
17632,634,4,0,2,31.3,10.3,0,0
17633,703,7,1,5,19.2,12,1,1
17644,581,8,0,3,8.8,18.6,0,0
17647,670,8,0,2,46.3,3.8,0,0
17655,703,5,0,5,38.2,8.4,0,0
17670,708,4,0,2,36.3,9.3,0,0
17673,620,4,0,1,35.7,6.2,0,0
17681,627,8,0,3,19,7.8,0,0
17682,631,14,2,2,46.4,6.4,0,0
17687,764,9,0,1,34.1,13.8,0,0
17688,725,10,1,2,60.5,10.2,0,0
17692,640,6,0,2,16.3,3.4,0,0
17694,698,14,1,1,31.5,10.9,0,1
17696,709,6,0,2,26.1,6.2,0,0
17701,717,4,1,2,43.7,4.4,0,0
17718,676,4,1,5,42.9,12.2,0,0
17719,746,10,0,3,39.6,8.8,0,0
17723,802,12,0,2,29.3,11.9,0,0
17727,660,8,2,3,13.3,14.9,0,0
17729,830,7,0,3,41.3,6.4,0,0
17734,814,6,2,1,12.5,0.5,0,0
17740,655,5,0,0,76.2,3.9,1,1
17746,704,5,0,1,59.5,7.5,0,0
17751,799,7,2,3,42.2,10,0,0
17755,680,6,1,1,52.8,11.8,0,0
17760,727,8,0,1,59.6,8.9,0,0
17763,649,9,1,1,27.2,16,0,0
17764,683,6,2,3,50.7,12.3,1,1
17770,733,3,0,1,22.6,10.3,0,0
17773,735,3,1,2,52.2,5.2,0,0
17774,739,9,2,3,15.4,16.7,0,0
17776,672,6,0,4,23.7,6.5,0,0
17778,749,7,0,1,61.2,16.6,0,0
17779,768,2,0,1,56,7,0,0
17783,735,11,0,3,24.5,11.3,0,0
17785,816,6,0,1,37.7,9.4,0,0
17789,720,11,2,1,7.1,5.9,0,0
17792,769,7,1,1,49.4,11.6,0,0
17797,717,4,1,4,34.3,5.6,0,0
17798,665,5,0,2,42.9,4,1,1
17799,710,3,0,3,16.7,8.8,0,0
17812,692,5,0,1,39.3,13.8,0,0
17818,762,3,0,1,16.5,10.6,0,1
17821,685,3,0,4,68,2.5,0,0
17828,768,7,1,0,25.9,8.9,0,0
17841,682,12,2,4,54.6,9.1,0,0
17842,576,10,0,0,35.8,12,0,0
17843,703,8,1,2,24.8,6.1,0,0
17854,615,6,0,3,2.4,9.3,0,0
17857,661,11,2,0,63.8,8.2,0,0
17865,802,10,1,3,48.4,8.1,0,0
17875,801,2,0,2,7.5,10,0,0
17876,745,9,0,3,55.7,4.5,0,0
17877,761,10,2,2,22.5,9.5,0,0
17885,768,6,0,3,52.2,12.5,0,0
17888,669,6,0,3,16.9,2.3,0,0
17903,707,8,2,2,32.9,3.6,0,0
17912,689,7,1,2,51.1,0.5,0,0
17916,667,8,0,0,24.8,12.5,0,0
17920,715,3,1,0,4.6,8,0,0
17922,682,11,1,2,49.7,10.4,0,0
17925,728,6,2,1,19.5,18.4,1,1
17937,555,7,0,1,72.3,6.2,0,0
17940,687,4,0,2,71,11.9,0,0
17944,789,6,1,4,22.8,17.2,0,0
17946,733,11,1,3,3.3,12.1,0,0
17949,671,7,0,3,27.9,6.9,0,0
17961,683,9,0,2,38.4,12.9,0,0
17962,761,6,0,2,33.5,14.5,0,0
17963,794,3,0,4,20.2,4.9,0,0
17969,688,6,1,3,7.3,5.9,0,0
17995,775,5,0,2,30.2,5.7,0,0
17996,518,4,0,3,2.2,6.8,0,0
17997,626,8,0,2,31.7,5.6,0,0
18002,709,9,0,2,54.2,10.3,0,0
18003,783,5,0,3,23.1,9,0,0
18004,632,8,1,3,23.6,9.3,0,0
18005,732,10,1,1,7.5,1.1,0,0
18010,823,4,0,2,40,13.5,0,0
18020,699,3,0,3,49.1,15.1,0,0
18022,753,9,1,0,33.4,6,0,0
18027,721,5,0,2,28.1,10,0,0
18028,722,18,1,3,26,6.1,0,0
18032,692,5,1,3,40,6.4,0,0
18035,722,8,3,1,36.4,13.7,0,0
18039,779,7,1,6,12.1,7.7,0,0
18045,715,7,1,1,39.3,0.8,0,0
18046,829,5,1,4,42,10.1,0,0
18055,712,9,0,2,20.3,8.6,0,0
18058,661,6,1,1,12.2,15.9,0,0
18064,804,13,0,3,47.3,10.4,0,0
18067,671,11,4,0,48.3,10,0,0
18070,771,5,0,2,40.1,7.6,0,0
18073,693,9,1,2,41.2,7.2,0,0
18090,585,2,0,4,68.7,11.6,0,0
18101,718,6,0,1,9.1,3.7,0,0
18105,680,6,0,3,35.8,12.2,0,0
18106,759,7,0,4,41.7,12.4,0,0
18119,704,5,0,0,73.7,4.3,1,1
18121,772,6,0,2,30.7,7,0,0
18126,708,6,0,2,37.7,10.7,0,0
18131,614,7,0,2,56.8,13.4,0,0
18147,643,9,3,0,20.2,9.9,0,0
18151,735,9,1,3,50.1,10.4,0,0
18152,759,10,0,2,64.2,4.8,0,0
18154,830,13,2,2,18.3,4.2,0,0
18159,830,3,1,5,48.9,12.4,0,0
18164,810,4,2,5,20.6,12.3,0,0
18165,691,8,0,3,40.7,6.9,0,0
18166,697,3,2,1,82.1,4.2,0,0
18168,658,10,0,5,70,10.2,0,0
18171,691,8,1,7,38.5,19.1,0,0
18187,750,5,0,2,0,9.6,0,0
18188,688,6,1,7,4.1,5.7,0,0
18193,629,6,0,3,39.1,15.1,1,1
18195,712,9,0,4,27.7,7.2,0,0
18196,631,7,1,4,18.7,9.1,0,0
18209,733,8,0,1,18.7,9.9,0,0
18211,801,9,0,0,26.1,6.9,0,0
18215,800,4,0,2,45.9,10.3,0,0
18223,636,4,0,3,19.1,11.9,0,0
18227,747,4,1,2,50.6,10.3,0,0
18228,809,12,1,2,25.6,8.2,0,0
18230,829,9,0,3,39.7,11.9,0,0
18240,788,9,1,2,35.8,11.6,0,1
18257,809,3,1,3,47.8,16.5,0,0
18266,690,8,0,3,49.3,7,0,0
18273,748,3,0,1,7.9,14.9,0,1
18276,676,7,0,1,23.5,6,0,0
18291,793,4,1,1,14,4.7,0,0
18294,765,4,1,2,22.1,17.2,0,0
18299,744,2,0,4,27,12.3,0,0
18301,648,6,3,1,23.6,12,0,0
18306,673,12,0,1,15.9,11.9,0,0
18307,826,7,2,3,21.3,17.1,0,0
18322,654,8,2,2,29,12.4,0,0
18324,709,4,1,2,30,8.8,0,0
18326,777,7,0,3,18.7,4.8,0,0
18328,743,5,0,2,63.7,10.2,0,0
18334,668,10,0,1,30.6,2,0,0
18335,622,6,0,0,24.1,6.5,0,0
18341,802,10,1,2,54.7,1.3,0,0
18348,726,6,0,2,10.1,7.4,0,0
18349,694,9,1,2,38,2.4,0,1
18351,785,11,0,2,12.6,9,1,1
18370,754,8,0,4,24.3,12.3,0,0
18372,725,6,1,2,5.5,9.4,0,0
18388,712,3,0,2,39.4,5.1,0,0
18389,671,8,0,6,43.2,11.2,0,0
18399,760,5,0,4,15.2,6.1,0,0
18404,783,5,1,3,33.7,6.6,0,0
18406,721,8,2,1,7.6,13.7,0,0
18411,641,4,1,2,7.4,7.4,0,0
18413,721,9,0,1,19.6,7,0,0
18415,685,13,0,2,44.9,13,0,0
18420,688,6,2,4,28.6,4.5,1,1
18428,714,11,1,3,36.3,8.5,0,0
18429,700,5,2,3,11.2,6,0,0
18430,660,7,0,2,28.3,13.5,0,0
18432,682,11,0,1,54.6,10.6,0,0
18433,709,13,1,0,30.1,7.1,0,0
18435,820,8,1,1,64.8,16.6,0,0
18450,613,11,0,2,25.5,5.7,0,0
18458,677,3,2,2,50.5,6.3,0,0
18471,681,7,1,0,26.2,18.5,0,0
18472,665,5,1,3,65.6,11.8,0,0
18478,680,3,1,4,27.8,10.3,0,0
18480,666,5,0,4,22,15.4,0,1
18486,798,9,0,2,46.8,2.8,0,0
18489,766,5,2,1,38.4,5.7,0,0
18499,760,5,1,2,16.1,5.7,0,0
18510,636,5,0,2,40.1,11.7,0,0
18511,663,11,1,5,39.5,8.9,0,0
18518,699,6,1,3,16,10.5,0,1
18522,664,12,0,2,33.7,5.8,0,0
18523,735,3,0,1,35.6,8.6,0,0
18525,656,7,2,3,57,6.5,0,0
18532,685,3,0,2,29.8,11.4,0,0
18533,652,7,0,2,25.2,14.3,0,0
18540,627,7,0,3,23.3,14.3,0,0
18553,640,14,0,0,48.5,11.1,0,0
18555,823,6,1,2,6.6,2.5,0,0
18558,695,5,1,3,5.3,8.7,0,0
18562,682,7,0,2,41.1,5.6,0,0
18586,719,7,0,3,17.9,8.6,0,0
18587,778,5,0,2,19.4,8.8,0,0
18588,718,11,1,3,49.4,3.9,0,0
18589,619,9,0,3,41.9,12.8,0,0
18590,698,9,1,4,17.3,9.9,0,0
18595,644,7,0,7,20.8,13.7,0,0
18598,716,7,1,2,24.8,9.5,0,0
18607,704,12,1,0,70.9,9.2,0,1
18609,696,9,2,0,4.4,6.3,0,0
18612,740,5,0,3,37.2,3.5,0,0
18613,757,3,0,2,34.9,7.6,0,0
18616,731,10,1,0,33.2,8.9,0,0
18619,684,6,0,3,63.4,11.7,1,1
18622,801,9,0,3,45.4,8,0,0
18642,749,6,1,3,56.8,5.6,0,0
18655,655,12,1,3,6.6,8.7,0,0
18663,798,4,2,4,48.9,4,0,0
18670,736,5,1,3,32.9,6.1,0,0
18678,659,5,1,4,60.5,11.4,0,0
18680,811,9,0,2,44.8,4.9,0,0
18688,726,6,1,1,13.7,6.8,0,0
18696,731,5,0,2,48.1,7.6,0,0
18699,789,3,0,2,51.6,3.3,0,0
18702,737,7,1,0,28.6,8.3,0,0
18715,795,6,3,1,23,5.7,0,0
18717,756,4,0,2,28.2,6.6,0,0
18719,816,15,1,3,43.3,13.3,0,0
18722,710,9,2,1,57.8,7.9,0,1
18724,744,9,0,1,31.5,7.7,0,1
18726,728,8,1,2,12.2,14.3,0,0
18727,830,7,0,2,24.1,9.2,0,0
18733,675,9,0,3,13.2,11.5,0,0
18738,678,6,2,0,13,17.9,0,0
18739,552,7,1,1,40.5,9.7,0,0
18743,639,9,2,2,14.1,9.7,0,0
18746,706,4,1,3,17,8.1,0,0
18753,739,8,0,4,21.5,6.5,0,1
18767,753,3,0,1,22.4,4.7,0,0
18768,735,6,1,1,42.1,13.3,0,0
18769,825,3,0,2,29,6.7,0,1
18780,743,5,0,1,32.1,2.1,0,0
18798,720,11,0,1,40.5,9.5,0,0
18799,753,5,0,2,38.7,10.2,0,0
18804,745,3,1,4,29.1,6.2,0,0
18805,799,8,2,0,55.9,6.9,0,0
18807,701,14,1,1,17.4,6,0,1
18809,712,7,0,2,36.7,4.1,0,0
18813,706,10,0,1,44.7,4.8,0,0
18817,818,7,0,0,78.7,7.6,0,0
18821,785,7,0,1,23.3,2.6,0,0
18831,799,5,0,3,13.1,9.8,1,1
18839,677,2,0,1,27.3,9.1,1,1
18841,713,8,1,4,69.7,6.7,0,0
18849,681,8,1,2,10.3,10.7,0,0
18855,604,17,1,1,9.6,6,0,0
18857,695,8,1,2,16,7.5,0,0
18863,787,8,2,4,58.9,11.9,0,0
18871,657,3,0,2,24.4,7.2,0,0
18884,640,10,0,3,10.1,12.7,0,0
18912,623,4,3,0,66.4,13.7,0,0
18913,671,3,0,1,17.1,17.1,0,0
18914,659,6,1,2,47.4,10.4,1,1
18915,761,6,1,2,75.5,1,0,0
18923,784,10,0,1,47.4,10.9,0,0
18935,655,8,2,1,37.9,1.8,0,0
18936,736,10,0,4,10.3,10.9,0,0
18941,710,9,2,2,35.7,6.7,0,0
18946,696,8,0,1,21.9,6.2,0,1
18948,746,7,1,4,48.9,12.9,0,0
18963,805,6,0,3,33.9,6,1,1
18973,749,5,1,3,17.1,9.4,0,0
18980,629,5,2,3,15.1,11,0,0
18995,653,4,0,4,22.4,5.6,0,0
18996,697,7,0,1,36.3,9.1,0,0
19003,804,10,0,1,53.9,7.9,0,0
19005,672,6,0,1,77.6,8.6,0,0
19010,752,6,1,6,21.6,7.3,1,1
19021,830,8,0,1,51.7,9.2,0,0
19030,717,13,0,0,4.9,15.9,0,0
19038,784,3,0,2,18.9,11.1,0,0
19041,719,10,0,1,19.9,10.5,0,0
19042,730,9,0,2,38.8,5.5,0,0
19053,605,11,1,2,23.2,7.9,0,0
19058,790,9,0,2,46.1,11,0,0
19063,773,7,2,3,34.4,4.7,0,0
19065,667,9,1,3,30.9,11.7,0,0
19067,779,11,0,2,20.7,6.9,1,1
19069,771,4,1,4,36.1,3.4,0,0
19074,751,6,0,1,34.1,13,0,0
19078,793,8,1,1,45,8.7,1,1
19085,678,9,0,2,53.1,11.5,0,0
19086,792,8,0,2,10.8,14.6,0,0
19087,830,11,2,4,29,10.1,0,1
19093,751,6,0,0,15.5,15.4,0,0
19096,748,10,0,1,22.7,11.1,0,0
19098,646,8,0,1,16.4,10,0,0
19101,830,6,1,3,52.8,6.7,0,0
19102,677,6,1,1,33.2,8.2,0,0
19103,750,8,0,2,55.7,3.5,0,1
19104,830,8,0,4,47.2,6.1,0,0
19105,830,13,1,3,48.1,1.9,1,1
19115,629,8,0,4,31.2,14.1,0,0
19131,803,8,0,1,14.4,8.5,1,1
19134,676,8,0,1,71,11.4,0,0
19135,769,7,0,1,49.3,9,0,0
19140,697,6,0,2,31.9,12.8,0,0
19142,680,8,0,0,54.8,14.3,0,0
19151,689,10,0,2,31.9,5.8,0,0
19153,680,7,0,3,20.9,10.9,0,0
19169,613,6,0,2,22.9,10.2,0,0
19171,617,4,0,3,1.1,5.2,0,1
19175,651,11,0,2,47.7,10.1,0,0
19178,710,4,2,2,49.6,9.5,0,1
19186,613,3,1,1,37.7,8,0,0
19187,692,2,1,3,72.1,9.3,0,0
19200,702,3,1,2,12.2,7,0,0
19207,607,12,1,1,45.9,11.1,0,0
19209,704,7,0,1,49,13.2,0,0
19222,688,7,1,2,30.9,8.9,0,0
19234,746,5,0,2,45.6,6.2,0,0
19237,668,7,0,2,29.4,4.7,0,0
19238,662,10,1,2,60.8,4.2,0,0
19239,698,10,0,3,35.7,12,0,0
19242,730,6,0,0,22.6,8.3,0,0
19247,740,7,1,2,21.3,7.8,0,0
19249,660,5,0,3,20.5,1.7,0,0
19259,753,6,0,1,10,11.9,0,0
19260,630,11,0,0,18,17.1,0,0
19264,609,7,1,2,16.7,9.2,0,0
19271,637,12,1,3,29.9,9.9,0,0
19275,819,8,1,1,33.9,16.9,0,0
19279,605,7,0,2,35.9,12.8,0,1
19281,730,9,1,0,4.6,5.2,0,0
19288,814,6,0,4,32.8,12.4,0,0
19291,775,5,1,2,59.2,3.3,0,0
19292,625,8,3,2,36.8,12.6,0,0
19297,572,7,2,1,58.2,10.7,0,0
19298,698,5,1,0,18.1,9.8,0,0
19301,593,6,0,1,8.5,14.7,0,0
19309,680,9,0,1,71,12.9,0,1
19310,665,10,1,3,10.3,8.5,0,0
19312,830,5,0,2,40.2,1.7,0,0
19318,701,8,0,1,30.2,15.3,0,0
19321,706,9,2,2,16.7,3.8,0,0
19326,664,7,2,2,32.6,10.8,0,0
19330,564,1,0,1,18.5,10.4,0,0
19333,731,9,1,0,29.9,9.8,0,0
19337,720,7,0,4,28,9.2,0,0
19342,786,12,0,3,6.5,5.3,0,1
19347,805,7,0,1,44.5,10.4,0,0
19352,830,5,2,1,17.1,4.9,0,0
19358,716,8,0,1,30.1,12.9,0,0
19371,740,11,1,2,63,14.1,0,0
19379,787,9,2,1,9.4,6.1,0,0
19383,700,7,0,3,22.1,9.1,0,0
19395,783,5,2,1,11.2,5.5,0,0
19398,754,6,1,4,29.8,7.7,0,0
19404,599,3,0,4,32.5,13.4,0,0
19405,770,5,0,1,68.7,7.4,0,0
19418,744,4,0,3,10.1,6.8,0,0
19434,688,7,1,1,71.3,8.8,0,0
19440,788,11,0,0,28.4,7.1,0,0
19441,694,12,3,3,42.4,1.1,0,0
19443,623,8,0,4,26.2,5.4,0,0
19448,720,11,0,2,68.1,11.8,0,0
19454,766,18,2,3,38.6,9.5,0,1
19458,758,6,0,6,58.7,10.4,0,0
19461,652,13,1,1,15.7,0.5,0,0
19464,788,5,1,3,38.6,7.7,0,0
19468,744,8,0,1,16,8.7,0,0
19475,706,7,0,3,34.4,8.3,0,1
19482,725,3,1,1,4.5,4.8,0,0
19483,762,5,0,1,9.8,9,0,0
19486,757,10,1,4,29.6,13.3,0,0
19489,777,9,2,1,37.8,11.2,0,0
19490,773,8,1,1,3.9,10.9,0,0
19505,635,5,0,1,22.5,13.9,0,0
19510,666,4,1,2,2.8,7.3,0,0
19521,548,8,1,2,25.4,9.4,0,1
19527,830,8,1,1,15,6.8,0,0
19528,646,4,1,2,50.9,5.9,0,0
19536,593,4,2,4,38,6.2,0,0
19538,701,1,1,2,15.7,12.1,0,0
19540,685,12,0,0,20.7,12.1,1,1
19543,773,6,2,3,18.6,12.9,0,0
19562,750,7,0,1,33,16.5,0,0
19578,688,8,0,3,11.4,4.9,0,0
19580,723,13,0,4,14.4,6.5,0,0
19583,716,7,0,2,16.7,14.8,0,0
19585,669,7,1,1,59.8,8.4,0,0
19591,640,8,1,3,64.7,5.6,0,0
19593,659,9,1,3,41.6,15.9,0,0
19594,830,3,3,4,14.9,8,0,0
19597,789,6,0,1,38.1,6,0,0
19598,604,2,0,6,6.2,14.6,0,0
19605,666,4,3,3,17.7,10.2,0,0
19613,698,5,0,2,6.7,2.1,0,0
19617,732,6,0,0,33.9,8.1,0,0
19619,684,4,1,3,25.6,10.2,0,0
19623,716,6,1,2,20.3,8.6,0,0
19625,777,8,0,2,36.4,16.9,0,0
19631,684,3,1,1,13.8,15.9,0,2
19632,744,6,1,2,54.9,10.6,0,0
19634,759,6,0,5,12.9,5.5,0,0
19652,817,7,0,3,4.1,4.1,0,0
19653,664,9,0,1,30.8,15.5,0,0
19656,830,10,0,0,6,9.2,0,0
19667,713,8,1,3,63.9,16.4,0,0
19682,699,8,0,4,32.2,0.5,0,0
19695,673,10,0,3,50.9,2.8,0,0
19696,672,4,0,2,41.1,11.2,0,0
19697,632,9,0,0,52.5,2.4,0,0
19704,624,8,0,2,22,11.9,0,0
19706,681,3,2,4,60.9,5.3,0,0
19707,765,11,0,2,26.6,3.9,0,0
19709,742,12,1,1,12.6,8.5,0,0
19712,731,8,3,3,19.5,0.5,0,0
19716,675,6,0,4,21.4,5.1,0,1
19721,807,5,1,4,1.3,9.9,0,0
19723,703,10,1,4,29.7,12.7,0,0
19733,638,6,2,1,52.1,8.8,0,0
19735,732,4,0,3,26,8.5,0,0
19736,734,9,1,0,28.8,6.5,0,0
19739,747,5,0,0,29.7,13.9,0,0
19743,597,6,1,3,40.3,8.8,0,0
19753,741,15,1,2,30.8,2.8,0,0
19755,695,7,0,2,19.1,8,1,1
19761,680,4,1,2,26,10.2,0,0
19763,665,7,0,1,17.1,7.3,0,0
19791,717,9,0,1,9.3,9.4,0,0
19798,815,9,0,1,33.4,13.6,0,0
19803,786,5,1,1,23.9,7.2,0,0
19807,691,13,1,1,71.8,6.4,0,0
19810,674,8,1,4,49.5,16.9,0,0
19811,729,6,2,3,26.3,5.3,0,0
19815,765,7,0,1,9.6,16.2,0,0
19816,674,6,0,1,64.1,6.7,0,0
19824,755,7,1,3,7.4,13.5,0,0
19826,771,2,0,2,25.8,4.9,0,0
19833,667,3,0,2,63.8,4.4,0,0
19838,744,9,1,0,55.4,5,0,0
19839,546,4,2,2,54.4,11,0,0
19843,703,9,0,1,33.7,6.3,0,0
19857,771,6,0,2,3.2,0.5,0,0
19868,556,5,1,4,39.2,9,0,0
19879,721,7,0,1,72.7,8.9,0,0
19883,660,7,1,2,23.4,11.3,0,0
19888,779,4,0,6,25.1,0.5,0,0
19893,830,11,0,0,40.9,8.6,0,0
19894,692,7,0,5,21.1,4.3,0,0
19897,830,7,0,2,26,5.3,0,0
19898,722,7,2,3,70.4,4.3,0,0
19906,742,7,0,2,66.9,10.9,0,0
19916,782,6,0,5,42.5,7.3,0,0
19918,770,2,0,3,19.1,7.2,0,0
19942,710,6,1,4,29.6,10.5,0,0
19943,781,2,0,2,21.4,1.1,0,0
19946,745,8,1,3,25,14.2,0,0
19949,647,7,0,4,85.9,6.3,0,0
19974,748,3,0,4,21.8,11.8,0,0
19992,714,7,0,3,47.8,4.5,0,0
